{
  "aaData": [
    {
      "engine": "Trident",
      "browser": "Internet Explorer 4.0",
      "platform": {
        "inner": "Win 95+",
        "details": [
          "4",
          "X"
        ]
      }
    },
    {
      "engine": "Trident",
      "browser": "Internet Explorer 5.0",
      "platform": {
        "inner": "Win 95+",
        "details": [
          "5",
          "C"
        ]
      }
    },
    {
      "engine": "Trident",
      "browser": "Internet Explorer 5.5",
      "platform": {
        "inner": "Win 95+",
        "details": [
          "5.5",
          "A"
        ]
      }
    },
    {
      "engine": "Trident",
      "browser": "Internet Explorer 6",
      "platform": {
        "inner": "Win 98+",
        "details": [
          "6",
          "A"
        ]
      }
    },
    {
      "engine": "Trident",
      "browser": "Internet Explorer 7",
      "platform": {
        "inner": "Win XP SP2+",
        "details": [
          "7",
          "A"
        ]
      }
    },
    {
      "engine": "Trident",
      "browser": "AOL browser (AOL desktop)",
      "platform": {
        "inner": "Win XP",
        "details": [
          "6",
          "A"
        ]
      }
    },
    {
      "engine": "Gecko",
      "browser": "Firefox 1.0",
      "platform": {
        "inner": "Win 98+ / OSX.2+",
        "details": [
          "1.7",
          "A"
        ]
      }
    },
    {
      "engine": "Gecko",
      "browser": "Firefox 1.5",
      "platform": {
        "inner": "Win 98+ / OSX.2+",
        "details": [
          "1.8",
          "A"
        ]
      }
    },
    {
      "engine": "Gecko",
      "browser": "Firefox 2.0",
      "platform": {
        "inner": "Win 98+ / OSX.2+",
        "details": [
          "1.8",
          "A"
        ]
      }
    },
    {
      "engine": "Gecko",
      "browser": "Firefox 3.0",
      "platform": {
        "inner": "Win 2k+ / OSX.3+",
        "details": [
          "1.9",
          "A"
        ]
      }
    },
    {
      "engine": "Gecko",
      "browser": "Camino 1.0",
      "platform": {
        "inner": "OSX.2+",
        "details": [
          "1.8",
          "A"
        ]
      }
    },
    {
      "engine": "Gecko",
      "browser": "Camino 1.5",
      "platform": {
        "inner": "OSX.3+",
        "details": [
          "1.8",
          "A"
        ]
      }
    },
    {
      "engine": "Gecko",
      "browser": "Netscape 7.2",
      "platform": {
        "inner": "Win 95+ / Mac OS 8.6-9.2",
        "details": [
          "1.7",
          "A"
        ]
      }
    },
    {
      "engine": "Gecko",
      "browser": "Netscape Browser 8",
      "platform": {
        "inner": "Win 98SE+",
        "details": [
          "1.7",
          "A"
        ]
      }
    },
    {
      "engine": "Gecko",
      "browser": "Netscape Navigator 9",
      "platform": {
        "inner": "Win 98+ / OSX.2+",
        "details": [
          "1.8",
          "A"
        ]
      }
    },
    {
      "engine": "Gecko",
      "browser": "Mozilla 1.0",
      "platform": {
        "inner": "Win 95+ / OSX.1+",
        "details": [
          1,
          "A"
        ]
      }
    },
    {
      "engine": "Gecko",
      "browser": "Mozilla 1.1",
      "platform": {
        "inner": "Win 95+ / OSX.1+",
        "details": [
          1.1,
          "A"
        ]
      }
    },
    {
      "engine": "Gecko",
      "browser": "Mozilla 1.2",
      "platform": {
        "inner": "Win 95+ / OSX.1+",
        "details": [
          1.2,
          "A"
        ]
      }
    },
    {
      "engine": "Gecko",
      "browser": "Mozilla 1.3",
      "platform": {
        "inner": "Win 95+ / OSX.1+",
        "details": [
          1.3,
          "A"
        ]
      }
    },
    {
      "engine": "Gecko",
      "browser": "Mozilla 1.4",
      "platform": {
        "inner": "Win 95+ / OSX.1+",
        "details": [
          1.4,
          "A"
        ]
      }
    },
    {
      "engine": "Gecko",
      "browser": "Mozilla 1.5",
      "platform": {
        "inner": "Win 95+ / OSX.1+",
        "details": [
          1.5,
          "A"
        ]
      }
    },
    {
      "engine": "Gecko",
      "browser": "Mozilla 1.6",
      "platform": {
        "inner": "Win 95+ / OSX.1+",
        "details": [
          1.6,
          "A"
        ]
      }
    },
    {
      "engine": "Gecko",
      "browser": "Mozilla 1.7",
      "platform": {
        "inner": "Win 98+ / OSX.1+",
        "details": [
          1.7,
          "A"
        ]
      }
    },
    {
      "engine": "Gecko",
      "browser": "Mozilla 1.8",
      "platform": {
        "inner": "Win 98+ / OSX.1+",
        "details": [
          1.8,
          "A"
        ]
      }
    },
    {
      "engine": "Gecko",
      "browser": "Seamonkey 1.1",
      "platform": {
        "inner": "Win 98+ / OSX.2+",
        "details": [
          "1.8",
          "A"
        ]
      }
    },
    {
      "engine": "Gecko",
      "browser": "Epiphany 2.20",
      "platform": {
        "inner": "Gnome",
        "details": [
          "1.8",
          "A"
        ]
      }
    },
    {
      "engine": "Webkit",
      "browser": "Safari 1.2",
      "platform": {
        "inner": "OSX.3",
        "details": [
          "125.5",
          "A"
        ]
      }
    },
    {
      "engine": "Webkit",
      "browser": "Safari 1.3",
      "platform": {
        "inner": "OSX.3",
        "details": [
          "312.8",
          "A"
        ]
      }
    },
    {
      "engine": "Webkit",
      "browser": "Safari 2.0",
      "platform": {
        "inner": "OSX.4+",
        "details": [
          "419.3",
          "A"
        ]
      }
    },
    {
      "engine": "Webkit",
      "browser": "Safari 3.0",
      "platform": {
        "inner": "OSX.4+",
        "details": [
          "522.1",
          "A"
        ]
      }
    },
    {
      "engine": "Webkit",
      "browser": "OmniWeb 5.5",
      "platform": {
        "inner": "OSX.4+",
        "details": [
          "420",
          "A"
        ]
      }
    },
    {
      "engine": "Webkit",
      "browser": "iPod Touch / iPhone",
      "platform": {
        "inner": "iPod",
        "details": [
          "420.1",
          "A"
        ]
      }
    },
    {
      "engine": "Webkit",
      "browser": "S60",
      "platform": {
        "inner": "S60",
        "details": [
          "413",
          "A"
        ]
      }
    },
    {
      "engine": "Presto",
      "browser": "Opera 7.0",
      "platform": {
        "inner": "Win 95+ / OSX.1+",
        "details": [
          "-",
          "A"
        ]
      }
    },
    {
      "engine": "Presto",
      "browser": "Opera 7.5",
      "platform": {
        "inner": "Win 95+ / OSX.2+",
        "details": [
          "-",
          "A"
        ]
      }
    },
    {
      "engine": "Presto",
      "browser": "Opera 8.0",
      "platform": {
        "inner": "Win 95+ / OSX.2+",
        "details": [
          "-",
          "A"
        ]
      }
    },
    {
      "engine": "Presto",
      "browser": "Opera 8.5",
      "platform": {
        "inner": "Win 95+ / OSX.2+",
        "details": [
          "-",
          "A"
        ]
      }
    },
    {
      "engine": "Presto",
      "browser": "Opera 9.0",
      "platform": {
        "inner": "Win 95+ / OSX.3+",
        "details": [
          "-",
          "A"
        ]
      }
    },
    {
      "engine": "Presto",
      "browser": "Opera 9.2",
      "platform": {
        "inner": "Win 88+ / OSX.3+",
        "details": [
          "-",
          "A"
        ]
      }
    },
    {
      "engine": "Presto",
      "browser": "Opera 9.5",
      "platform": {
        "inner": "Win 88+ / OSX.3+",
        "details": [
          "-",
          "A"
        ]
      }
    },
    {
      "engine": "Presto",
      "browser": "Opera for Wii",
      "platform": {
        "inner": "Wii",
        "details": [
          "-",
          "A"
        ]
      }
    },
    {
      "engine": "Presto",
      "browser": "Nokia N800",
      "platform": {
        "inner": "N800",
        "details": [
          "-",
          "A"
        ]
      }
    },
    {
      "engine": "Presto",
      "browser": "Nintendo DS browser",
      "platform": {
        "inner": "Nintendo DS",
        "details": [
          "8.5",
          "C/A<sup>1</sup>"
        ]
      }
    },
    {
      "engine": "KHTML",
      "browser": "Konqureror 3.1",
      "platform": {
        "inner": "KDE 3.1",
        "details": [
          "3.1",
          "C"
        ]
      }
    },
    {
      "engine": "KHTML",
      "browser": "Konqureror 3.3",
      "platform": {
        "inner": "KDE 3.3",
        "details": [
          "3.3",
          "A"
        ]
      }
    },
    {
      "engine": "KHTML",
      "browser": "Konqureror 3.5",
      "platform": {
        "inner": "KDE 3.5",
        "details": [
          "3.5",
          "A"
        ]
      }
    },
    {
      "engine": "Tasman",
      "browser": "Internet Explorer 4.5",
      "platform": {
        "inner": "Mac OS 8-9",
        "details": [
          "-",
          "X"
        ]
      }
    },
    {
      "engine": "Tasman",
      "browser": "Internet Explorer 5.1",
      "platform": {
        "inner": "Mac OS 7.6-9",
        "details": [
          "1",
          "C"
        ]
      }
    },
    {
      "engine": "Tasman",
      "browser": "Internet Explorer 5.2",
      "platform": {
        "inner": "Mac OS 8-X",
        "details": [
          "1",
          "C"
        ]
      }
    },
    {
      "engine": "Misc",
      "browser": "NetFront 3.1",
      "platform": {
        "inner": "Embedded devices",
        "details": [
          "-",
          "C"
        ]
      }
    },
    {
      "engine": "Misc",
      "browser": "NetFront 3.4",
      "platform": {
        "inner": "Embedded devices",
        "details": [
          "-",
          "A"
        ]
      }
    },
    {
      "engine": "Misc",
      "browser": "Dillo 0.8",
      "platform": {
        "inner": "Embedded devices",
        "details": [
          "-",
          "X"
        ]
      }
    },
    {
      "engine": "Misc",
      "browser": "Links",
      "platform": {
        "inner": "Text only",
        "details": [
          "-",
          "X"
        ]
      }
    },
    {
      "engine": "Misc",
      "browser": "Lynx",
      "platform": {
        "inner": "Text only",
        "details": [
          "-",
          "X"
        ]
      }
    },
    {
      "engine": "Misc",
      "browser": "IE Mobile",
      "platform": {
        "inner": "Windows Mobile 6",
        "details": [
          "-",
          "C"
        ]
      }
    },
    {
      "engine": "Misc",
      "browser": "PSP browser",
      "platform": {
        "inner": "PSP",
        "details": [
          "-",
          "C"
        ]
      }
    },
    {
      "engine": "Other browsers",
      "browser": "All others",
      "platform": {
        "inner": "-",
        "details": [
          "-",
          "U"
        ]
      }
    }
  ]
}